{"cameraMode":{"drawMode":0,"name":"Shaded","section":"Shading Mode"},"sceneLighting":true,"audioPlay":false,"sceneViewState":{"m_AlwaysRefresh":false,"showFog":true,"showSkybox":true,"showFlares":true,"showImageEffects":true,"showParticleSystems":true,"showVisualEffectGraphs":true,"m_FxEnabled":true},"in2DMode":false,"pivot":{"x":18.170818328857423,"y":12.737470626831055,"z":-19.32854461669922},"rotation":{"x":-0.03480011224746704,"y":0.9619702696800232,"z":-0.14716868102550507,"w":-0.22747154533863069},"size":44.034332275390628,"orthographic":false}