{"cameraMode":{"drawMode":0,"name":"Shaded","section":"Shading Mode"},"sceneLighting":true,"audioPlay":false,"sceneViewState":{"m_AlwaysRefresh":false,"showFog":true,"showSkybox":true,"showFlares":true,"showImageEffects":true,"showParticleSystems":true,"showVisualEffectGraphs":true,"m_FxEnabled":true},"in2DMode":false,"pivot":{"x":68.81961059570313,"y":3.35770845413208,"z":14.223840713500977},"rotation":{"x":0.08198713511228562,"y":0.49821603298187258,"z":-0.047331128269433978,"w":0.8618760704994202},"size":0.0665198266506195,"orthographic":false}