{"cameraMode":{"drawMode":0,"name":"Shaded","section":"Shading Mode"},"sceneLighting":true,"audioPlay":false,"sceneViewState":{"m_AlwaysRefresh":false,"showFog":true,"showSkybox":true,"showFlares":true,"showImageEffects":true,"showParticleSystems":true,"showVisualEffectGraphs":true,"m_FxEnabled":true},"in2DMode":false,"pivot":{"x":290.27557373046877,"y":-82.15419006347656,"z":34.234649658203128},"rotation":{"x":0.37612053751945498,"y":-0.012239980511367321,"z":0.005807199515402317,"w":0.9268839955329895},"size":500.79888916015627,"orthographic":false}