{"cameraMode":{"drawMode":0,"name":"Shaded","section":"Shading Mode"},"sceneLighting":true,"audioPlay":false,"sceneViewState":{"m_AlwaysRefresh":false,"showFog":true,"showSkybox":true,"showFlares":true,"showImageEffects":true,"showParticleSystems":true,"showVisualEffectGraphs":true,"m_FxEnabled":true},"in2DMode":false,"pivot":{"x":745.0652465820313,"y":369.6370544433594,"z":770.4759521484375},"rotation":{"x":0.022797390818595887,"y":-0.02999265491962433,"z":0.0006840491550974548,"w":0.9992926120758057},"size":995.7630615234375,"orthographic":false}